{
  "precision": 0.8432758620689655,
  "recall": 0.8718360071301248,
  "f1": 0.8573181419807188
}