{
  "precision": 0.8010530487459662,
  "recall": 0.8838429584283349,
  "f1": 0.8404139999703013,
  "per_class": {
    "AADHAAR": {
      "precision": 0.9529520295202952,
      "recall": 1.0,
      "f1-score": 0.975909305621162,
      "support": 